"Timestamp","Give you confidence levels of the following statements below: [I can find and load a Python package module]","Give you confidence levels of the following statements below: [I can determine if a Python package is installed]","Give you confidence levels of the following statements below: [I can use an isolated environment]","Give you confidence levels of the following statements below: [I can install Python packages]","Give you confidence levels of the following statements below: [I can write and submit batch job scripts]","Give you confidence levels of the following statements below: [I can use the compute nodes interactively]","Give you confidence levels of the following statements below: [I can use a Python IDE]","Give you confidence levels of the following statements below: [I can create plots in matplotlib]"
"2025/04/25 8:08:41 am CET","1","0","0","0","2","0","1","0"
"2025/04/25 8:12:23 am CET","3","3","3","2","1","1","0","1"
"2025/04/25 8:12:49 am CET","5","4","5","5","3","3","5","5"
"2025/04/25 8:13:06 am CET","3","3","2","3","1","1","1","4"
"2025/04/25 8:15:21 am CET","3","3","3","3","5","3","5","5"
"2025/04/25 8:15:22 am CET","3","3","3","3","4","1","4","5"
"2025/04/25 8:15:35 am CET","4","4","3","4","2","1","3","3"
"2025/04/25 8:15:40 am CET","0","1","0","0","0","0","0","0"
"2025/04/25 8:15:46 am CET","4","2","2","2","3","0","1","5"
"2025/04/25 8:16:18 am CET","3","5","2","3","4","4","2","1"
"2025/04/25 8:16:21 am CET","5","5","4","5","5","5","4","4"
"2025/04/25 8:17:01 am CET","3","3","3","3","2","2","4","4"
"2025/04/25 8:18:13 am CET","4","5","5","5","5","5","3","5"